{
    "409-94-301": {
        "manufacturer": "Kia",
        "model": "Picanto",
        "registration_plate": "409-94-301",
        "weight": 959,
        "max_speed": 173
    },
    "548-38-301": {
        "manufacturer": "Hyndai",
        "model": "i10",
        "registration_plate": "548-38-301",
        "weight": 952,
        "max_speed": 163
    },
    "000-38-000": {
        "manufacturer": "Misubushi",
        "model": "space-star",
        "registration_plate": "000-38-000",
        "weight": 865,
        "max_speed": 173
    },
    "479-08-801": {
        "manufacturer": "Chevrolet",
        "model": "Spark",
        "registration_plate": "479-08-801",
        "weight": 1088,
        "max_speed": 179
    },
    "656-55-103": {
        "manufacturer": "Volvo",
        "model": "9900",
        "registration_plate": "656-55-103",
        "weight": 26500,
        "max_speed": 120,
        "passenger_count": 0
    }
}